SET sql_notes = 0;      -- Temporarily disable the "Table already exists" warning
create table IF NOT EXISTS TBL_COUNTRY (ID bigint NOT NULL AUTO_INCREMENT, NAME varchar(256), PRIMARY KEY (ID)) ENGINE=MyISAM AUTO_INCREMENT=6 DEFAULT CHARSET=UTF8;
create table IF NOT EXISTS TBL_STATE (ID bigint NOT NULL AUTO_INCREMENT, COUNTRY_ID bigint, NAME varchar(256), PRIMARY KEY (ID)) ENGINE=MyISAM AUTO_INCREMENT=6 DEFAULT CHARSET=UTF8;
create table IF NOT EXISTS TBL_CITY (ID bigint NOT NULL AUTO_INCREMENT, STATE_ID bigint, NAME varchar(256), PRIMARY KEY (ID)) ENGINE=MyISAM AUTO_INCREMENT=6 DEFAULT CHARSET=UTF8;
SET sql_notes = 1;      -- And then re-enable the warning again
insert into TBL_COUNTRY (ID,name) values (1,'آرژانتين'),(2,'آفريقاى جنوبى'),(3,'آفريقاى مركزى');
insert into TBL_COUNTRY (ID,name) values (4,'آلبانى'),(5,'آلمان'),(6,'آمريكا'),(7,'اتريش'),(8,'اتيوپى'),(9,'اردن'),(10,'ارگوئه'),(11,'ارمنستان');
insert into TBL_COUNTRY (ID,name) values (12,'اريتره'),(13,'ازبكستان'),(14,'اسپانيا'),(15,'استراليا'),(16,'استونى'),(17,'اسكاتلند'),(18,'اسلواكى');
insert into TBL_COUNTRY (ID,name) values (19,'اسلونى'),(20,'افغانستان'),(21,'اكوادور'),(22,'الجزاير'),(23,'امارات متحده عربى'),(24,'اندونزى');
insert into TBL_COUNTRY (ID,name) values (25,'انگلستان'),(26,'اوكراين'),(27,'ايتاليا'),(281,'ايران'),(28,'ايرلند'),(29,'بحرين'),(30,'برزيل');
insert into TBL_COUNTRY (ID,name) values (31,'برمه'),(32,'بلاروس'),(33,'بلژيك'),(34,'بلغارستان'),(35,'بنگلادش'),(36,'بوسنى هرزگوين'),(37,'بوليوي');
insert into TBL_COUNTRY (ID,name) values (38,'پاراگوئه'),(39,'پاكستان'),(40,'پاناما'),(41,'پرتغال'),(42,'پرو'),(43,'تاجيكستان'),(44,'تانزانيا');
insert into TBL_COUNTRY (ID,name) values (45,'تايلند'),(46,'تركمنستان'),(47,'تركيه'),(48,'تونس'),(49,'جمهورى آذربايجان'),(50,'چين'),(51,'دانمارك');
insert into TBL_COUNTRY (ID,name) values (52,'روسيه'),(53,'رومانى'),(54,'زلاندنو'),(55,'زيمباوه'),(56,'ژاپن'),(57,'سريلانكا'),(58,'سنگاپور'),(59,'سنگال');
insert into TBL_COUNTRY (ID,name) values (60,'سوئد'),(61,'سوئيس'),(62,'سودان'),(63,'سوريه'),(64,'سومالى'),(65,'سيرالئون'),(66,'شيلى'),(67,'صربستان ومونته نگرو');
insert into TBL_COUNTRY (ID,name) values (68,'عراق'),(69,'عربستان سعودى'),(70,'عمان'),(71,'غنا'),(72,'فرانسه'),(73,'فنلاند'),(74,'فيليپين'),(75,'قبرس');
insert into TBL_COUNTRY (ID,name) values (76,'قرقيزستان'),(77,'قزاقستان'),(78,'قطر'),(79,'كامبوج'),(80,'كانادا'),(81,'كره جنوبى'),(82,'كره شمالى');
insert into TBL_COUNTRY (ID,name) values (83,'كرواسى'),(84,'كلمبيا'),(85,'كنگو'),(86,'كنيا'),(87,'كوبا'),(88,'كويت'),(89,'گرجستان'),(90,'گينه');
insert into TBL_COUNTRY (ID,name) values (91,'لائوس'),(92,'لبنان'),(93,'لهستان'),(94,'لوگزامبورگ'),(95,'ليبى'),(96,'ليتوانى'),(97,'ماداگاسكار'),(98,'مالت');
insert into TBL_COUNTRY (ID,name) values (99,'مالدیو'),(100,'مالزى'),(101,'مالى'),(102,'مجارستان'),(103,'مراكش'),(104,'مصر'),(105,'مكزيك'),(106,'مولداوى');
insert into TBL_COUNTRY (ID,name) values (107,'نروژ'),(108,'نيجريه'),(109,'هلند'),(110,'هندوستان'),(111,'ونزوئلا'),(112,'ويتنام'),(113,'يمن'),(114,'يونان');
INSERT INTO TBL_STATE (ID, COUNTRY_ID, NAME) VALUES (41, 281,'آذربايجان شرقي'),(44, 281,'آذربايجان غربي'),(45, 281,'اردبيل'),(31, 281,'اصفهان');
INSERT INTO TBL_STATE (ID, COUNTRY_ID, NAME) VALUES (26, 281,'البرز'),(84, 281,'ايلام'),(77, 281,'بوشهر'),(21, 281,'تهران'),(38, 281,'چهارمحال بختياري'),(56, 281,'خراسان جنوبي');
INSERT INTO TBL_STATE (ID, COUNTRY_ID, NAME) VALUES (51, 281,'خراسان رضوي'),(58, 281,'خراسان شمالي'),(61, 281,'خوزستان'),(24, 281,'زنجان'),(23, 281,'سمنان'),(54, 281,'سيستان و بلوچستان'),(71, 281,'فارس'),(28, 281,'قزوين'),(25, 281,'قم');
INSERT INTO TBL_STATE (ID, COUNTRY_ID, NAME) VALUES (87, 281,'كردستان'),(34, 281,'كرمان'),(83, 281,'كرمانشاه'),(74, 281,'كهكيلويه و بويراحمد'),(17, 281,'گلستان'),(13, 281,'گيلان'),(66, 281,'لرستان'),(15, 281,'مازندران'),(86, 281,'مركزي'),(76, 281,'هرمزگان');
INSERT INTO TBL_STATE (ID, COUNTRY_ID, NAME) VALUES (81, 281,'همدان'),(35, 281,'يزد');
INSERT INTO TBL_CITY (ID, STATE_ID, NAME) VALUES (1, 41, 'آذر شهر'),(2, 41, 'اسكو'),(3, 41, 'اهر'),(4, 41, 'بستان آباد'),(5, 41, 'بناب'),(6, 41, 'بندر شرفخانه'),(7, 41, 'تبريز'),(8, 41, 'تسوج');
INSERT INTO TBL_CITY (ID, STATE_ID, NAME) VALUES (9, 41, 'جلفا'),(10, 41, 'سراب'),(11, 41, 'شبستر'),(12, 41, 'صوفیان'),(13, 41, 'عجبشير'),(14, 41, 'قره آغاج'),(15, 41, 'كليبر'),(16, 41, 'كندوان'),(17, 41, 'مراغه');
INSERT INTO TBL_CITY (ID, STATE_ID, NAME) VALUES (18, 41, 'مرند'),(19, 41, 'ملكان'),(20, 41, 'ميانه'),(21, 41, 'ورزقان'),(22, 41, 'هاديشهر'),(23, 41, 'هريس'),(24, 41, 'هشترود'),(25, 41, 'ممقان'),(26, 44, 'اروميه');
INSERT INTO TBL_CITY (ID, STATE_ID, NAME) VALUES (27, 44, 'اشنويه'),(28, 44, 'بازرگان'),(29, 44, 'بوكان'),(30, 44, 'پيرانشهر'),(31, 44, 'تكاب'),(32, 44, 'چالدران'),(33, 44, 'خوي'),(34, 44, 'سر دشت'),(35, 44, 'سلماس');
INSERT INTO TBL_CITY (ID, STATE_ID, NAME) VALUES (36, 44, 'سيه چشمه'),(37, 44, 'شاهين دژ'),(38, 44, 'ماكو'),(39, 44, 'مهاباد'),(40, 44, 'مياندوآب'),(41, 44, 'نقده'),(42, 45, 'اردبيل'),(43, 45, 'بيله سوار'),(44, 45, 'پارس آباد'),(45, 45, 'خلخال'),(46, 45, 'سرعين');
INSERT INTO TBL_CITY (ID, STATE_ID, NAME) VALUES (47, 45, 'گیوی(کوثر)'),(48, 45, 'گرمي'),(49, 45, 'مشگين شهر'),(50, 45, 'نمين'),(51, 45, 'نير'),(52, 31, 'آران و بيدگل'),(53, 31, 'اردستان'),(54, 31, 'اصفهان'),(55, 31, 'باغ بهادران'),(56, 31, 'تيران'),(57, 31, 'چادگان');
INSERT INTO TBL_CITY (ID, STATE_ID, NAME) VALUES (58, 31, 'خميني شهر'),(59, 31, 'خوانسار'),(60, 31, 'دولت آباد'),(61, 31, 'دهاقان'),(62, 31, 'زرين شهر'),(63, 31, 'زیبا شهر'),(64, 31, 'سميرم'),(65, 31, 'سپاهان شهر'),(66, 31, 'شاهين شهر'),(67, 31, 'شهرضا'),(68, 31, 'فريدن'),(69, 31, 'فريدون شهر'),(70, 31, 'فلاورجان'),(71, 31, 'فولاد شهر'),(72, 31, 'قهدریجان'),(73, 31, 'كاشان'),(74, 31, 'گلدشت'),(75, 31, 'گلپايگان'),(76, 31, 'مباركه'),(77, 31, 'ملک شهر'),(78, 31, 'نايين'),(79, 31, 'نجف آباد'),(80, 31, 'نطنز'),(81, 31, 'هرند'),(82, 26, 'آسارا'),(83, 26, 'اشتهارد'),(84, 26, 'چهار باغ'),(85, 26, 'صفادشت'),(86, 26, 'طالقان'),(87, 26, 'کرج'),(88, 26, 'کوهسار'),(89, 26, 'نظر آباد'),(90, 26, 'هشتگرد'),(91, 84, 'آبدانان'),(92, 84, 'ايلام'),(93, 84, 'ايوان'),(94, 84, 'دره شهر'),(95, 84, 'دهلران'),(96, 84, 'سرابله'),(97, 84, 'مهران'),(98, 77, 'اهرم'),(99, 77, 'برازجان');
INSERT INTO TBL_CITY (ID, STATE_ID, NAME) VALUES (100, 77, 'آبپخش'),(101, 77, 'بوشهر'),(102, 77, 'تنگستان'),(103, 77, 'جم'),(104, 77, 'خارك'),(105, 77, 'خورموج'),(106, 77, 'دشتستان'),(107, 77, 'دشتي'),(108, 77, 'دلوار'),(109, 77, 'دير'),(110, 77, 'ديلم'),(111, 77, 'عسلویه'),(112, 77, 'كنگان'),(113, 77, 'گناوه'),(114, 21, 'اسلامشهر'),(115, 21, 'اندیشه'),(116, 21, 'بومهن'),(117, 21, 'پاكدشت'),(118, 21, 'تجريش'),(119, 21, 'تهران'),(120, 21, 'چهاردانگه'),(121, 21, 'دماوند'),(122, 21, 'رباط كريم'),(123, 21, 'رودهن');
INSERT INTO TBL_CITY (ID, STATE_ID, NAME) VALUES (124, 21, 'ري'),(125, 21, 'شريف آباد'),(126, 21, 'شهريار'),(127, 21, 'فشم'),(128, 21, 'فيروزكوه'),(129, 21, 'قدس'),(130, 21, 'قرچك'),(131, 21, 'كن'),(132, 21, 'كهريزك'),(133, 21, 'گلستان'),(134, 21, 'لواسان'),(135, 21, 'ملارد'),(136, 21, 'ورامين'),(137, 38, 'اردل'),(138, 38, 'بروجن'),(139, 38, 'چلگرد'),(140, 38, 'سامان'),(141, 38, 'شهركرد'),(142, 38, 'فارسان'),(143, 38, 'فرخ شهر'),(144, 38, 'لردگان'),(145, 38, 'هفشجان'),(146, 56, 'بشرویه'),(147, 56, 'بيرجند'),(148, 56, 'خضری'),(149, 56, 'سرایان'),(150, 56, 'سربيشه'),(151, 56, 'فردوس'),(152, 56, 'قائن'),(153, 56, 'نهبندان'),(154, 51, 'بردسكن'),(155, 51, 'بجستان'),(156, 51, 'تايباد'),(157, 51, 'تربت جام'),(158, 51, 'تربت حيدريه'),(159, 51, 'جغتای'),(160, 51, 'جوین'),(161, 51, 'چناران'),(162, 51, 'خواف'),(163, 51, 'خلیل آباد'),(164, 51, 'درگز'),(165, 51, 'رشتخوار'),(166, 51, 'سبزوار'),(167, 51, 'سرخس'),(168, 51, 'طوس'),(169, 51, 'طرقبه'),(170, 51, 'فريمان'),(171, 51, 'قوچان'),(172, 51, 'كاشمر'),(173, 51, 'كلات'),(174, 51, 'گناباد'),(175, 51, 'مشهد'),(176, 51, 'نيشابور'),(177, 58, 'آشخانه'),(178, 58, 'اسفراين'),(179, 58, 'بجنورد'),(180, 58, 'جاجرم'),(181, 58, 'شيروان'),(182, 58, 'فاروج'),(183, 61, 'آبادان'),(184, 61, 'اميديه'),(185, 61, 'انديمشك'),(186, 61, 'اهواز'),(187, 61, 'ايذه'),(188, 61, 'گتوند'),(189, 61, 'باغ ملك'),(190, 61, 'بندرامام خميني'),(191, 61, 'بندر ماهشهر'),(192, 61, 'بهبهان'),(193, 61, 'خرمشهر'),(194, 61, 'دزفول'),(195, 61, 'رامهرمز'),(196, 61, 'رامشیر'),(197, 61, 'سوسنگرد'),(198, 61, 'شادگان'),(199, 61, 'شوشتر'),(200, 61, 'شوش'),(201, 61, 'لالي'),(202, 61, 'مسجد سليمان'),(203, 61, 'هنديجان'),(204, 61, 'هويزه'),(205, 24, 'آب بر'),(206, 24, 'ابهر'),(207, 24, 'ايجرود'),(208, 24, 'خرمدره'),(209, 24, 'زرين آباد'),(210, 24, 'زنجان'),(211, 24, 'قيدار'),(212, 24, 'ماهنشان'),(213, 23, 'ايوانكي'),(214, 23, 'بسطام'),(215, 23, 'دامغان'),(216, 23, 'سمنان'),(217, 23, 'سرخه'),(218, 23, 'شاهرود'),(219, 23, 'شهمیرزاد'),(220, 23, 'گرمسار'),(221, 23, 'مهدیشهر'),(222, 54, 'ايرانشهر'),(223, 54, 'چابهار'),(224, 54, 'خاش'),(225, 54, 'راسك'),(226, 54, 'زابل'),(227, 54, 'زاهدان'),(228, 54, 'سراوان'),(229, 54, 'سرباز'),(230, 54, 'فنوج'),(231, 54, 'کنارک'),(232, 54, 'ميرجاوه'),(233, 54, 'نيكشهر'),(234, 71, 'آباده'),(235, 71, 'اردكان'),(236, 71, 'ارسنجان'),(237, 71, 'استهبان'),(238, 71, 'اقليد'),(239, 71, 'ایزد خواست'),(240, 71, 'بوانات'),(241, 71, 'پاسارگاد'),(242, 71, 'جهرم'),(243, 71, 'حاجي آباد'),(244, 71, 'خرم بید'),(245, 71, 'خنج'),(246, 71, 'خشت'),(247, 71, 'داراب'),(248, 71, 'شيراز'),(249, 71, 'فراشبند'),(250, 71, 'فسا'),(251, 71, 'فيروز آباد'),(252, 71, 'قایمیه'),(253, 71, 'قيرو کارزین'),(254, 71, 'كازرون'),(255, 71, 'گراش'),(256, 71, 'لار'),(257, 71, 'لامرد'),(258, 71, 'مرودشت'),(259, 71, 'مصیری(رستم)'),(260, 71, 'مهر'),(261, 71, 'نورآباد'),(262, 71, 'ني ريز'),(263, 28, 'آبيك'),(264, 28, 'شهرک البرز'),(265, 28, 'بوئين زهرا'),(266, 28, 'تاكستان'),(267, 28, 'قزوين'),(268, 28, 'محمود آباد نمونه'),(269, 25, 'قم'),(270, 87, 'بانه'),(271, 87, 'بيجار'),(272, 87, 'ديواندره'),(273, 87, 'دهگلان'),(274, 87, 'سقز'),(275, 87, 'سنندج'),(276, 87, 'قروه'),(277, 87, 'كامياران'),(278, 87, 'مريوان'),(279, 34, 'شهر بابك'),(280, 34, 'بافت'),(281, 34, 'بردسير'),(282, 34, 'بم'),(283, 34, 'جيرفت'),(284, 34, 'سرچشمه'),(285, 34, 'راور'),(286, 34, 'رفسنجان'),(287, 34, 'زرند'),(288, 34, 'سيرجان'),(289, 34, 'كرمان'),(290, 34, 'كهنوج'),(291, 83, 'اسلام آباد غرب'),(292, 83, 'پاوه'),(293, 83, 'ثلاث باباجانی'),(294, 83, 'جوانرود'),(295, 83, 'خسروی'),(296, 83, 'سر پل ذهاب'),(297, 83, 'سنقر'),(298, 83, 'صحنه'),(299, 83, 'قصر شيرين'),(300, 83, 'كرمانشاه'),(301, 83, 'كنگاور'),(302, 83, 'گيلان غرب'),(303, 83, 'هرسين'),(304, 74, 'دنا'),(305, 74, 'دوگنبدان'),(306, 74, 'دهدشت'),(307, 74, 'سي سخت'),(308, 74, 'گچساران'),(309, 74, 'لیکک'),(310, 74, 'ياسوج'),(311, 17, 'آزاد شهر'),(312, 17, 'آق قلا'),(313, 17, 'بندر گز'),(314, 17, 'تركمن'),(315, 17, 'جلین'),(316, 17, 'راميان'),(317, 17, 'علي آباد كتول'),(318, 17, 'كردكوي'),(319, 17, 'كلاله'),(320, 17, 'گالیکش'),(321, 17, 'گرگان'),(322, 17, 'گنبد كاووس'),(323, 17, 'مراوه تپه'),(324, 17, 'مينو دشت'),(325, 13, 'آستارا'),(326, 13, 'آستانه اشرفيه'),(327, 13, 'املش'),(328, 13, 'بندرانزلي'),(329, 13, 'تالش'),(330, 13, 'خمام'),(331, 13, 'رودبار'),(332, 13, 'رود سر'),(333, 13, 'رستم آباد'),(334, 13, 'رشت'),(335, 13, 'رضوان شهر'),(336, 13, 'سياهكل'),(337, 13, 'شفت'),(338, 13, 'صومعه سرا'),(339, 13, 'فومن'),(340, 13, 'كلاچاي'),(341, 13, 'لاهيجان'),(342, 13, 'لنگرود'),(343, 13, 'لوشان'),(344, 13, 'ماسال'),(345, 13, 'ماسوله'),(346, 13, 'منجيل'),(347, 66, 'ازنا'),(348, 66, 'الشتر'),(349, 66, 'اليگودرز'),(350, 66, 'بروجرد'),(351, 66, 'پلدختر'),(352, 66, 'خرم آباد'),(353, 66, 'دورود'),(354, 66, 'سراب دوره'),(355, 66, 'سپید دشت'),(356, 66, 'شول آباد'),(357, 66, 'كوهدشت'),(358, 66, 'نور آباد'),(359, 15, 'آمل'),(360, 15, 'بلده'),(361, 15, 'بهشهر'),(362, 15, 'بابل'),(363, 15, 'بابلسر'),(364, 15, 'پل سفيد'),(365, 15, 'تنكابن'),(366, 15, 'جويبار'),(367, 15, 'چالوس'),(368, 15, 'رامسر'),(369, 15, 'ساري'),(370, 15, 'سلمانشهر'),(371, 15, 'سواد كوه'),(372, 15, 'فريدون كنار'),(373, 15, 'کلاردشت'),(374, 15, 'قائم شهر'),(375, 15, 'گلوگاه'),(376, 15, 'محمود آباد'),(377, 15, 'مرزن آباد'),(378, 15, 'نكا'),(379, 15, 'نور'),(380, 15, 'نوشهر'),(381, 86, 'آشتيان'),(382, 86, 'اراك'),(383, 86, 'تفرش'),(384, 86, 'خمين'),(385, 86, 'خنداب'),(386, 86, 'دليجان'),(387, 86, 'زرندیه'),(388, 86, 'ساوه'),(389, 86, 'شازند'),(390, 86, 'کمیجان'),(391, 86, 'محلات'),(392, 76, 'ابوموسي'),(393, 76, 'انگهران'),(394, 76, 'بندر جاسك'),(395, 76, 'بندر خمیر'),(396, 76, 'بندرعباس'),(397, 76, 'بندر لنگه'),(398, 76, 'بستك'),(399, 76, 'پارسیان'),(400, 76, 'تنب بزرگ'),(401, 76, 'حاجي آباد'),(402, 76, 'دهبارز'),(403, 76, 'قشم'),(404, 76, 'كيش'),(405, 76, 'ميناب'),(406, 81, 'اسدآباد'),(407, 81, 'بهار'),(408, 81, 'تويسركان'),(409, 81, 'رزن'),(410, 81, 'كبودر اهنگ'),(411, 81, 'ملاير'),(412, 81, 'نهاوند'),(413, 81, 'همدان'),(414, 35, 'ابركوه'),(415, 35, 'اردكان'),(416, 35, 'اشكذر'),(417, 35, 'بافق'),(418, 35, 'تفت'),(419, 35, 'طبس'),(420, 35, 'مهريز'),(421, 35, 'ميبد'),(422, 35, 'هرات'),(423, 35, 'يزد');